DATA;LANGILEA;EKINTZA;XEHETASUNAK
"2026-05-09 12:07:40";"—";"Automatikoa: Egoera aldaketa (aurkitua -> bueltatua).";"G-004-26"
"2026-05-09 12:07:40";"Miren Agirre";"Artikulua adfadsf fadfsadf-ri eman zaio.";"G-004-26"
"2026-05-08 11:34:50";"Jon Zabala";"Artikulua sisteman erregistratu da A-5 kokalekuan";"G-001-26"
"2026-05-08 11:34:50";"Jon Zabala";"Artikulua sisteman erregistratu da A-2 kokalekuan";"G-002-26"
"2026-05-08 11:34:50";"—";"Artikulua sisteman erregistratu da B-2 kokalekuan";"G-003-26"
"2026-05-08 11:34:50";"Jon Zabala";"Artikulua sisteman erregistratu da D-2 kokalekuan";"G-004-26"
"2026-05-08 11:34:50";"—";"Artikulua sisteman erregistratu da E-2 kokalekuan";"G-005-26"
"2026-05-08 11:34:50";"Jon Zabala";"Artikulua sisteman erregistratu da F-2 kokalekuan";"G-006-26"
"2026-05-08 11:34:50";"Jon Zabala";"Artikulua sisteman erregistratu da G-2 kokalekuan";"G-007-26"
